uuid,organization_uuid,document_type_uuid,link
d12e4567-e89b-12d3-a456-426614174019,ace2e137-d6e7-4476-9bc4-5c7a23c17ddd,2e96c9e7-c7b5-47dc-a1b5-90205db97d80,http://docs.northtech.com/doc1
d12e4567-e89b-12d3-a456-426614174020,ace2e137-d6e7-4476-9bc4-5c7a23c17ddd,2e96c9e7-c7b5-47dc-a1b5-90205db97d81,http://docs.northtech.com/drp1
d12e4567-e89b-12d3-a456-426614174021,ace2e137-d6e7-4476-9bc4-5c7a23c17ddd,2e96c9e7-c7b5-47dc-a1b5-90205db97d80,http://docs.northtech.com/doc2
d12e4567-e89b-12d3-a456-426614174022,ace2e137-d6e7-4476-9bc4-5c7a23c17ddd,2e96c9e7-c7b5-47dc-a1b5-90205db97d81,http://docs.northtech.com/doc3
d12e4567-e89b-12d3-a456-426614174024,ace2e137-d6e7-4476-9bc4-5c7a23c17ddd,2e96c9e7-c7b5-47dc-a1b5-90205db97d81,http://docs.northtech.com/doc4
d12e4567-e89b-12d3-a456-426614174025,ace2e137-d6e7-4476-9bc4-5c7a23c17ddd,2e96c9e7-c7b5-47dc-a1b5-90205db97d80,http://docs.northtech.com/doc5
d12e4567-e89b-12d3-a456-426614174026,ace2e137-d6e7-4476-9bc4-5c7a23c17ddd,2e96c9e7-c7b5-47dc-a1b5-90205db97d82,http://docs.northtech.com/drp3
d12e4567-e89b-12d3-a456-426614174027,ace2e137-d6e7-4476-9bc4-5c7a23c17ddd,2e96c9e7-c7b5-47dc-a1b5-90205db97d80,http://docs.northtech.com/doc6
d12e4567-e89b-12d3-a456-426614174028,ace2e137-d6e7-4476-9bc4-5c7a23c17ddd,2e96c9e7-c7b5-47dc-a1b5-90205db97d80,http://docs.northtech.com/policy1
d12e4567-e89b-12d3-a456-426614174029,ace2e137-d6e7-4476-9bc4-5c7a23c17ddd,2e96c9e7-c7b5-47dc-a1b5-90205db97d81,http://docs.northtech.com/manual1
d12e4567-e89b-12d3-a456-426614174030,ace2e137-d6e7-4476-9bc4-5c7a23c17ddd,2e96c9e7-c7b5-47dc-a1b5-90205db97d82,http://docs.northtech.com/report1
d12e4567-e89b-12d3-a456-426614174031,ace2e137-d6e7-4476-9bc4-5c7a23c17ddd,2e96c9e7-c7b5-47dc-a1b5-90205db97d81,http://docs.northtech.com/policy2
d12e4567-e89b-12d3-a456-426614174032,ace2e137-d6e7-4476-9bc4-5c7a23c17ddd,2e96c9e7-c7b5-47dc-a1b5-90205db97d82,http://docs.northtech.com/manual2
d12e4567-e89b-12d3-a456-426614174033,ace2e137-d6e7-4476-9bc4-5c7a23c17ddd,2e96c9e7-c7b5-47dc-a1b5-90205db97d81,http://docs.northtech.com/report2